customer_id,customer_name,age,monthly_income,monthly_expense,existing_emi,avg_balance,credit_score,digital_transactions,loan_inquiries,salary_consistency,property_interest,vehicle_interest,conversion
1,Patty Garcia,59,70000,51120,12809,391436,752,141,2,0.64,0,0,0
2,Dustin Hubbard,37,70000,29602,13218,318565,703,125,3,0.67,1,1,0
3,Brian Heath,42,50000,28724,4786,391513,780,276,4,0.82,1,0,1
4,Bob Anderson,59,150000,83144,15652,499897,700,253,3,0.7,0,0,0
5,Tara Davenport,56,50000,31722,10118,204599,848,147,1,0.94,0,0,1
6,Austin Fox,28,200000,127675,15403,1051048,836,41,4,0.79,1,0,0
7,Kelly Alexander,47,40000,28037,7407,247283,692,265,4,0.72,0,0,0
8,Michael Williams,50,50000,33403,3385,231691,832,248,1,0.99,1,0,1
9,Alexander Orr,52,30000,16972,5129,170853,729,266,1,0.61,0,1,0
10,Jeffrey Powell,59,200000,144460,42920,914792,662,298,0,0.7,0,0,0
11,Kendra Spencer,29,40000,28270,1466,203198,815,155,4,0.75,1,1,0
12,Brittany Johnston,38,200000,120351,34787,945449,766,73,2,0.96,0,0,1
13,Sarah Allen,53,40000,14589,1338,83281,704,25,3,0.93,1,1,0
14,Brandon Petty DVM,54,40000,20275,4374,296998,701,268,0,0.91,0,0,0
15,Marilyn Peters,54,30000,16541,5177,67076,696,140,2,0.97,0,0,0
16,Carl Clements,38,200000,116735,36841,1069290,817,255,2,0.75,0,1,0
17,Brooke Young,40,30000,16858,5304,198200,687,158,3,0.73,0,0,0
18,Kaitlin Greer,45,40000,27065,4391,170466,828,144,0,0.9,0,0,1
19,James Savage,56,70000,44553,10483,487255,723,57,1,0.98,0,0,1
20,Jennifer Harris,58,40000,21451,4808,300429,777,270,2,0.7,0,0,0
21,Lori Dickson,30,40000,28358,5265,272179,704,197,4,0.76,0,0,0
22,Tiffany Suarez,58,150000,74265,32290,497559,735,299,0,0.95,0,1,1
23,Leah Gilmore,22,70000,51341,3226,177941,764,48,4,0.93,0,1,1
24,Tammy Walton,36,50000,32144,10082,297635,767,217,0,0.96,0,0,1
25,Sarah Schneider,22,200000,106955,49517,400285,662,160,1,0.98,1,1,0
26,Melissa Griffith,30,50000,21030,2756,155931,652,281,4,0.62,1,1,0
27,Jose Ryan,52,150000,88044,30925,613028,747,59,2,0.95,1,0,1
28,Juan Bradford III,50,100000,39100,23430,612731,717,238,0,0.91,1,0,0
29,Mariah Merritt,21,40000,28305,2299,131145,713,299,3,0.83,0,0,0
30,James Boyd,28,50000,27110,1311,172613,770,65,3,0.88,0,0,1
31,Tiffany Anderson,31,40000,14965,2471,118290,694,262,1,0.73,0,0,0
32,Roy Williams,32,50000,29959,7894,319933,748,27,3,0.96,0,0,1
33,Jeffrey Hatfield,57,30000,20630,6042,165363,783,127,2,0.64,0,0,0
34,Tony Mitchell,46,50000,31164,6214,285354,785,251,0,0.61,1,0,0
35,Kevin Sanchez,53,30000,17048,3333,62640,660,129,1,0.9,0,0,0
36,Parker Pugh,33,70000,47548,9143,191753,757,93,4,0.67,0,1,0
37,Russell Chavez,37,150000,53918,24073,846384,809,30,1,0.7,0,0,0
38,Deborah Cooper,50,70000,26183,9840,542202,726,227,1,0.64,0,1,0
39,Kelly Wall,57,70000,30338,16285,188873,731,177,1,0.95,1,1,1
40,Alan Graham,43,50000,25229,7055,157534,738,149,2,0.9,0,0,1
41,Kenneth Johnson,41,100000,67061,23989,492712,837,210,4,0.94,0,0,1
42,Jason Patel,37,100000,55343,9689,477168,788,230,2,0.67,0,0,0
43,Erik Camacho,40,100000,62039,12401,207628,798,141,0,0.7,0,0,0
44,William Sosa,54,50000,23718,9279,344535,804,85,0,0.75,0,0,0
45,Christopher Olson,24,150000,81695,22476,841931,837,79,2,0.8,0,0,0
46,Aaron Reilly,39,40000,27643,2255,170459,713,68,4,0.78,0,0,0
47,Mary Baldwin,52,50000,36767,7002,381046,819,173,3,0.92,0,0,1
48,Thomas Rodgers,30,50000,18539,9828,160409,784,296,3,0.82,1,1,1
49,Angela Olson,23,50000,23038,12294,142213,778,27,4,0.89,1,0,1
50,Carlos Mitchell,41,70000,47627,1761,240747,829,53,0,0.9,0,0,1
51,Kevin Mckinney Jr.,58,150000,104373,20499,642360,679,103,0,0.62,1,1,0
52,Russell Wright,50,70000,40818,17420,499392,798,295,4,0.84,0,0,1
53,Candace Richards,39,70000,37649,7883,338647,748,161,2,0.78,0,0,0
54,Michelle Norman,43,150000,67956,2232,843415,731,165,1,0.87,1,0,1
55,Christopher Thompson,58,70000,35346,14907,309637,822,92,4,0.94,0,0,1
56,Wesley Coleman,25,150000,54152,18954,1167615,653,173,2,0.68,1,0,0
57,Robert Martin,48,200000,81135,22202,1151481,788,292,2,0.95,0,0,1
58,Tammy Rodriguez,37,50000,35389,5699,233036,824,258,3,0.92,0,1,1
59,Duane Hill,21,70000,44100,1827,307622,683,279,2,0.74,0,1,0
60,Stephanie Woods,40,40000,17870,7139,277408,801,41,3,0.66,1,0,0
61,Andrew Johnson,33,100000,73641,19025,770463,824,113,0,0.64,1,0,0
62,Kristen Kline,30,150000,67013,34165,1054438,730,157,2,0.8,0,0,0
63,Dr. Tracy Macias,23,100000,44129,6165,490446,728,143,3,0.62,1,1,0
64,Joe Medina,52,100000,72962,24057,572545,711,105,1,0.82,0,0,0
65,Monique Hayes,29,100000,35361,8925,755716,819,274,2,0.62,1,0,0
66,Paul Johnston,21,30000,12278,5096,100480,717,216,2,0.83,0,0,0
67,George Sims,26,100000,63925,5014,322147,734,231,2,0.95,0,0,1
68,Michelle Smith,37,30000,15885,1192,92435,816,217,0,0.65,0,1,0
69,Dawn Ward,47,150000,59609,36056,942969,796,223,2,0.95,1,0,1
70,Daniel Holloway,34,200000,103466,37546,521647,678,299,1,0.98,1,0,0
71,Alicia Tran PhD,56,50000,29453,10826,384020,803,285,4,0.98,1,1,1
72,Brandon Brooks,53,30000,10689,578,224010,710,180,2,0.84,0,0,0
73,Donna Shannon,33,70000,41026,7133,337200,737,226,0,0.91,0,0,1
74,Matthew Holland,37,70000,48545,13096,324468,678,258,4,0.76,1,0,0
75,Nicholas Kidd,33,150000,87024,830,1150602,697,264,4,0.73,0,0,0
76,David Harvey,32,200000,113340,48403,479877,706,68,4,0.78,0,1,0
77,Vicki Lewis,36,200000,118432,21658,1329163,711,189,4,0.89,0,0,0
78,Michael Baird,28,30000,16067,1980,134743,745,182,4,0.85,1,1,1
79,Erin Mercado,52,70000,25590,14649,400201,748,22,4,0.95,0,0,1
80,Hector Villanueva,24,30000,12652,5288,141930,824,228,4,0.98,0,0,1
81,Alicia Sanchez,28,200000,137791,3119,802334,702,138,3,0.93,1,1,0
82,James Parrish,48,150000,100728,5143,822629,817,147,2,0.6,0,1,0
83,Jeremy Pruitt,46,150000,91184,8618,797396,674,179,2,0.66,0,0,0
84,James Allison,28,50000,22262,11355,240420,805,208,1,0.9,0,0,1
85,Martin Bennett,37,30000,13343,5080,161840,800,75,1,0.73,1,0,0
86,Sean Davis,47,30000,13379,5325,109130,768,161,4,0.78,0,0,0
87,Taylor Rose,25,150000,106644,12898,959700,845,110,1,0.64,1,0,0
88,Shane Richardson,41,200000,135655,23867,820982,657,209,0,0.73,0,0,0
89,Jacob Cook,44,100000,52527,22481,777356,748,183,4,0.81,0,0,1
90,Tammy Ramos,52,40000,27507,4840,203382,655,131,2,0.82,1,0,0
91,Edgar Carroll,54,40000,17741,237,280387,822,228,1,0.97,0,0,1
92,Daniel Thomas,27,100000,69825,18977,636517,792,247,3,0.66,0,1,0
93,Todd Chan,27,70000,51863,13891,416957,834,208,2,0.99,1,0,1
94,Mr. Matthew Saunders DDS,45,100000,53562,23576,394291,754,61,4,0.86,0,0,1
95,Jennifer Stewart,34,200000,125826,45013,1350629,810,183,3,0.98,0,0,1
96,Virginia Vega,42,40000,23714,3887,137671,778,231,3,0.64,0,1,0
97,Jasmine Patrick,46,200000,116845,27068,503238,688,287,2,0.86,1,0,0
98,Nicole Harris,46,30000,11244,2544,151067,727,54,3,1.0,0,0,1
99,Morgan King,47,150000,61401,6453,1090892,748,66,2,0.77,0,0,0
100,Nicole Cooley,59,100000,39658,3177,313570,815,205,0,0.93,0,0,1
101,William Pierce,23,200000,85533,23721,408800,844,64,4,1.0,0,0,1
102,Tamara Stephens,23,40000,23589,7286,155687,743,288,4,0.64,0,1,0
103,Stephanie Jenkins,55,70000,52334,193,446672,734,251,4,1.0,0,0,1
104,Stanley Zuniga,31,150000,58780,4822,816465,801,38,1,0.89,0,0,1
105,David Davenport,24,30000,10741,1153,219510,654,295,1,0.95,1,0,0
106,Benjamin Mitchell,55,40000,17305,3132,232656,708,163,0,0.75,1,1,0
107,Sarah Gray,52,150000,104010,4938,934536,840,219,3,0.85,0,0,1
108,Nathan Davidson,33,30000,12087,7331,164873,765,260,4,0.99,0,0,1
109,Juan Ayala,42,150000,97037,6293,408327,759,116,1,0.89,0,0,1
110,Gabriel Wiggins,49,100000,56386,21469,395528,691,203,2,0.61,1,0,0
111,Connie Mullins,46,70000,46044,16358,521864,770,206,3,0.84,0,1,1
112,Jennifer Graham,55,200000,120285,31663,940338,818,170,2,0.93,0,1,1
113,Monica Smith,58,30000,11466,1103,113635,794,235,4,0.94,0,0,1
114,Joseph Gates,53,40000,22856,2992,183405,833,150,2,0.92,1,1,1
115,Teresa Rodriguez,56,40000,14353,3579,160078,730,273,3,0.9,1,1,1
116,Janice Norman,34,200000,127539,46508,1033105,683,188,1,0.89,0,0,0
117,William Giles,46,150000,102684,32343,584397,723,164,2,0.9,0,0,1
118,Joshua Terry,31,40000,29521,8650,224190,689,108,3,0.94,0,0,0
119,Corey Wagner,48,50000,23519,2300,326935,714,30,3,0.85,0,0,0
120,Sandra Wood,35,150000,71118,14967,518031,659,23,1,0.62,0,0,0
121,Amanda Holmes,54,200000,142794,35863,1098484,760,46,3,0.98,0,0,1
122,Christopher Duncan,41,30000,19145,2113,93174,698,284,0,0.91,0,0,0
123,Kim Gardner,40,70000,27730,15219,338335,761,217,2,0.7,0,1,0
124,Andrew Nunez,48,70000,46732,10088,283669,725,167,0,0.68,1,0,0
125,Randy Francis,45,30000,19467,359,230733,757,197,1,0.72,1,0,0
126,Lauren Davis,39,100000,50636,24411,772799,652,187,2,0.71,0,1,0
127,Patrick James,31,100000,54680,7755,309058,809,39,0,0.62,0,0,0
128,William Stout,47,40000,18119,1356,142411,687,245,4,0.93,1,0,0
129,James Gardner,32,70000,39208,1155,548478,826,237,4,0.9,0,0,1
130,Mr. William Butler Jr.,27,200000,101727,6243,1030534,825,185,4,0.73,0,0,0
131,Robert Kerr,44,150000,89773,1802,735217,673,54,3,0.69,0,1,0
132,Mark Weaver,39,30000,11786,3176,141426,758,200,3,0.67,1,1,0
133,Matthew Morgan,56,40000,18287,9122,231962,802,162,1,0.61,0,0,0
134,Roberto Montgomery,33,200000,148894,41042,737772,838,265,0,0.86,1,1,1
135,Joshua Wilson,29,50000,34531,10797,222032,777,230,2,0.61,0,0,0
136,Brandi Harrison,49,40000,28637,3354,308543,816,159,2,0.85,1,0,1
137,Beverly Anderson,31,200000,134042,42282,1162317,792,61,0,0.61,1,1,0
138,Ann Frost,55,50000,20498,6719,272737,743,193,4,0.99,0,0,1
139,Annette Deleon,32,100000,69131,21403,259542,761,191,0,0.64,0,0,0
140,Scott Simmons,37,50000,22266,9924,245944,733,215,1,0.7,1,0,0
141,Robert Campbell,37,150000,82081,3072,476382,758,210,2,0.75,1,0,0
142,Laura Hall,30,50000,37371,2186,301793,716,200,3,0.87,0,0,0
143,Kelly Herrera,35,50000,30273,1765,376188,725,175,3,0.6,1,0,0
144,Nathaniel Palmer,23,200000,141517,45989,513819,755,77,0,0.9,0,0,1
145,Mark Martin,39,50000,18748,4799,233332,681,216,0,0.77,1,0,0
146,Brian Chen,40,30000,15615,3317,180360,844,31,1,0.62,0,0,0
147,Ashley Porter,48,70000,34489,2874,351562,669,189,3,0.85,0,0,0
148,Ricardo Martin,56,40000,17332,2052,125484,728,92,1,0.95,1,0,1
149,Michael Lewis,43,150000,88536,2342,949102,815,231,1,0.99,0,1,1
150,William Hess,44,200000,72067,11088,1336565,743,244,1,0.94,0,0,1
151,Larry Coleman,49,50000,26698,7587,156549,762,184,4,0.71,0,0,0
152,Brian Thompson,39,30000,21451,6553,150327,799,65,0,0.79,0,0,0
153,Noah Osborn,21,70000,51735,5002,169866,661,189,1,0.88,0,0,0
154,Shannon Hess,40,40000,26683,2791,235127,685,222,3,0.65,1,0,0
155,Derek Martinez,56,70000,49791,1724,237473,799,165,3,0.65,0,0,0
156,Michael Hunter,35,50000,25657,3592,267363,690,234,3,0.78,1,0,0
157,Craig White II,25,200000,92846,48080,775413,756,164,0,0.64,0,0,0
158,Evan Conrad,41,40000,16671,1211,100498,759,134,1,0.72,0,0,0
159,Diana Singh,30,200000,144538,10343,829862,812,272,0,0.96,1,0,1
160,Jeffrey Elliott,46,150000,91744,19184,443032,737,230,0,0.79,0,1,0
161,Cristina Silva,58,150000,77300,20498,692442,839,71,0,0.87,0,0,1
162,Christopher Weeks,37,150000,96901,11614,1072876,790,187,4,0.63,1,0,0
163,Jason Lee,35,50000,25261,3028,377348,721,42,3,0.99,0,1,1
164,Elizabeth Turner,57,200000,78407,34420,590142,750,75,3,0.92,0,0,1
165,Ryan Castro,35,150000,83011,11941,957835,722,45,1,0.85,0,0,1
166,Angel Acosta,30,150000,59256,35024,465221,768,242,2,0.75,1,0,0
167,Hannah Watts,44,50000,34009,700,244032,675,84,3,0.94,1,0,0
168,Peggy Pruitt,21,70000,44726,1364,184574,674,276,1,0.99,0,0,0
169,Gerald Wilcox,55,100000,38228,24819,670150,653,266,0,0.81,1,0,0
170,Joshua Wright,39,200000,77137,21549,609744,731,80,1,0.87,0,0,1
171,Michael King,52,40000,23860,4438,125123,677,135,2,0.82,0,0,0
172,Jenna Williams,39,150000,81267,13772,1122433,791,63,0,0.75,1,0,0
173,John Burns,25,150000,85909,35489,673497,703,180,0,0.67,0,0,0
174,Sandra Russell,26,30000,19854,1894,209335,780,106,2,0.83,0,1,1
175,Carol Ramirez,28,40000,27194,6083,186644,690,24,2,0.94,1,1,0
176,Christina Roth,37,40000,28181,8378,291867,743,261,4,0.65,0,1,0
177,Sharon Craig,28,50000,37226,6407,380280,746,176,4,0.63,0,1,0
178,Tim White,51,100000,40783,17381,285284,838,143,2,0.67,0,0,0
179,Todd Robinson,45,100000,59106,13986,208720,825,288,2,0.89,0,0,1
180,Terri Harris,53,200000,79844,49317,778260,725,178,3,0.7,0,1,0
181,Jennifer Schmidt,33,50000,34828,416,373836,818,252,3,0.72,0,0,0
182,Mr. Anthony Mora MD,38,200000,108544,28560,1390636,804,266,2,0.78,0,1,0
183,Tiffany Chan,53,70000,47510,13461,390623,769,98,0,0.65,0,0,0
184,Kevin Smith,50,50000,35616,6453,146124,770,96,4,0.68,0,0,0
185,Carol Ward,51,150000,79879,33528,748082,780,167,1,0.76,0,0,0
186,Dr. Lori Torres,42,70000,48582,2145,322054,824,270,4,0.99,0,0,1
187,Jonathan Williams,32,150000,75669,35789,1119578,787,134,0,0.8,1,1,0
188,Cindy Carpenter,45,50000,28184,10297,130944,697,198,3,0.8,1,0,0
189,Laura Heath,46,30000,14708,5683,164832,809,235,2,0.87,0,1,1
190,Jasmine Gonzalez MD,25,150000,90247,5724,939155,763,203,1,0.76,0,0,0
191,Kimberly Mitchell,53,40000,19368,9760,289653,783,133,2,0.94,0,0,1
192,Scott Chambers,44,30000,15794,487,208555,729,171,3,0.82,1,0,1
193,Kayla Morgan,57,100000,63156,16270,780717,730,90,2,0.66,0,0,0
194,Brenda Martinez,26,200000,103914,3323,401901,836,215,2,1.0,1,1,1
195,Lauren Wilson,34,150000,67017,10442,1106825,826,262,4,0.98,0,0,1
196,Terry Roberts,37,100000,72543,4645,786796,717,296,0,0.67,0,0,0
197,William Myers,57,30000,12326,1324,111365,702,103,1,0.95,0,0,0
198,Christopher Humphrey,23,40000,15117,6776,121476,846,231,3,0.71,1,1,0
199,Teresa Webster,58,70000,45752,8950,410491,778,79,2,0.83,1,0,1
200,Eduardo Robinson,39,150000,52991,33705,1138008,659,185,4,0.67,0,1,0
201,Holly Howard,58,30000,18277,5611,223075,841,105,2,0.89,1,0,1
202,Terry Flores,56,50000,27114,11644,312364,821,73,1,0.69,0,0,0
203,Jason Moore,37,150000,90153,13364,591138,769,213,3,0.8,0,0,0
204,Jordan Campbell,47,150000,83192,35383,337692,726,123,4,0.62,0,1,0
205,Thomas Johnson,59,50000,28703,1922,338030,696,114,4,0.93,1,1,0
206,Corey Pitts,52,70000,36925,9989,361369,744,44,0,0.66,0,0,0
207,Juan Clark,35,200000,121067,32728,1544912,738,144,0,0.84,1,0,1
208,Mia Marsh,35,40000,22946,5321,176554,708,88,0,0.71,0,0,0
209,Tara Snyder,29,50000,27296,6467,229706,675,53,1,0.72,0,1,0
210,Monica Brown,33,150000,111294,8470,850942,777,143,1,0.64,0,1,0
211,Claudia Cardenas,46,200000,146047,12230,1295357,800,157,3,0.82,0,0,1
212,Keith Harmon,40,50000,28420,7378,380395,790,22,0,0.68,0,0,0
213,Amber Farrell,58,50000,35715,10581,138249,839,215,0,0.72,1,0,0
214,Eric Blake,39,50000,32997,1621,236126,664,278,1,0.85,1,0,0
215,William Sherman,56,30000,16440,6349,150929,750,209,1,0.8,1,0,0
216,Noah Tanner,23,40000,18018,6042,291164,706,200,2,0.64,0,1,0
217,Kim Smith,27,50000,30796,4239,121151,750,106,0,0.89,0,0,1
218,Lucas Carroll,31,150000,70349,11113,953011,697,271,1,0.89,0,1,0
219,Jonathan Deleon,36,200000,140420,13996,527147,824,171,3,0.85,1,1,1
220,Adam Jordan,33,70000,51550,14564,259536,741,96,3,0.99,0,0,1
221,Alan Reed,32,100000,61449,17747,206415,803,187,0,0.93,0,0,1
222,Elijah Myers,24,50000,22376,1907,357756,694,264,3,0.78,1,1,0
223,Debra Barrett,57,200000,110903,47720,974300,766,299,1,0.75,1,1,0
224,Lindsay Turner,34,100000,43276,22505,513788,700,254,0,0.92,1,0,0
225,Wendy Sanchez MD,43,50000,17867,3897,291346,721,57,3,0.78,0,1,0
226,Dr. Christopher Bonilla,57,70000,25655,7553,161943,699,124,3,0.86,0,0,0
227,Amanda Owens,36,200000,109518,39582,970844,821,35,0,0.86,0,1,1
228,Dustin Carter,59,30000,18224,2513,66210,790,126,3,0.68,1,0,0
229,Chad Burns,40,200000,142655,4847,1127691,835,97,3,0.68,0,0,0
230,Melissa Flores,30,100000,67064,19792,786604,731,153,1,0.82,0,0,1
231,Jennifer Bailey,59,200000,129412,8994,1497333,804,142,2,0.95,0,0,1
232,Tiffany Garcia,28,150000,107817,5278,502407,739,62,2,0.65,0,0,0
233,Scott Ray,44,200000,131354,20805,420291,730,293,3,0.9,0,0,1
234,Jason Barrett,33,150000,82082,31754,840665,677,90,1,0.69,0,0,0
235,David Sanders,42,30000,16726,1049,152365,847,113,2,0.63,1,0,0
236,Dorothy Livingston,43,30000,14474,889,162669,726,81,4,0.85,0,0,1
237,Richard Rowe,50,150000,63555,7989,543956,662,35,0,0.89,1,0,0
238,Travis Diaz,22,100000,63968,22700,341412,662,101,0,0.97,0,0,0
239,Eric Delgado,24,30000,18770,801,207799,674,150,4,0.91,0,0,0
240,Jacob Gonzalez,30,50000,27606,8096,250791,687,63,0,0.66,0,1,0
241,Aaron Lopez,59,100000,62749,18989,711790,747,155,2,0.7,0,1,0
242,Stephanie Lewis,39,30000,18836,5771,104062,743,205,1,0.93,0,0,1
243,Joseph Scott,38,50000,29151,887,367633,687,79,1,0.62,0,0,0
244,Melanie Robles,22,40000,27526,2968,165023,670,62,3,0.96,0,1,0
245,Michael Ramos,44,70000,48980,2354,212571,845,97,1,0.85,1,1,1
246,John Barnett,46,150000,80730,1798,1093843,651,131,4,0.77,0,0,0
247,Alex Pearson,46,70000,36906,2900,552458,697,81,4,0.93,0,0,0
248,Beth Taylor,28,100000,61258,461,699132,761,188,4,0.61,0,0,0
249,Jesse Browning,29,70000,49629,15098,353814,722,80,4,0.88,0,0,1
250,Jennifer Blackwell,34,200000,79729,18169,706513,823,35,0,0.83,1,0,1
251,Bryan Jones,37,200000,92470,45511,764932,732,128,3,0.76,1,0,0
252,Phillip Livingston,38,50000,19034,1329,248551,699,161,1,0.84,0,0,0
253,Adam Fleming,30,40000,22913,8529,155613,782,295,1,0.74,1,0,0
254,Andrew Jackson,48,30000,17594,2360,69422,728,29,2,0.95,0,1,1
255,Melissa Hayes,54,200000,127042,2013,863698,728,179,0,0.61,0,0,0
256,Ryan Gould,48,200000,121733,47640,1353462,791,162,2,0.81,1,0,1
257,Carla Vance,54,50000,23979,8485,268959,797,277,1,0.96,0,1,1
258,Tammy Johnson,51,50000,37039,8026,109235,796,265,1,0.87,1,0,1
259,Erin Thompson,43,150000,94292,10168,567040,849,121,4,0.85,0,0,1
260,Carolyn Rivas,47,100000,43178,23317,358695,662,141,3,0.87,0,1,0
261,Janice Diaz,57,40000,16280,8382,255491,701,72,2,0.98,0,0,0
262,Victoria Jones,59,200000,95604,1859,833039,781,254,2,0.7,1,0,0
263,Jacob Cox,59,40000,27356,533,283417,835,280,0,0.8,0,0,0
264,Donald Dean,27,30000,19596,2949,208745,723,51,0,0.76,1,0,0
265,Justin Miller,49,200000,147452,39943,563948,725,49,4,0.8,0,0,0
266,Mary Walker,24,70000,38678,10396,437421,675,205,3,0.78,0,0,0
267,Keith Davis,27,200000,127208,31977,1196520,701,161,4,0.91,0,0,0
268,Alan Hall,59,150000,56782,28520,737009,813,35,1,0.71,0,0,0
269,Pamela Thomas,37,50000,19040,356,365244,650,204,0,0.76,0,0,0
270,Anthony Snow,24,40000,15116,2558,127234,794,175,1,0.76,0,0,0
271,Thomas Montgomery,52,30000,16900,6434,192615,842,220,0,0.95,0,0,1
272,Felicia Edwards,37,70000,52275,3200,337504,693,30,1,0.87,1,1,0
273,Mary Malone,59,150000,58503,22075,1000556,667,172,1,0.84,1,0,0
274,Elizabeth Webb,43,70000,28827,15512,255487,829,205,0,0.69,0,0,0
275,Julia Taylor,32,200000,137379,41151,677128,674,241,4,0.95,0,0,0
276,Sherri Burke,43,30000,12854,4110,141542,744,127,0,0.78,0,0,0
277,Samuel Fitzgerald,54,70000,37070,17136,543130,799,81,1,0.94,0,0,1
278,Tony Collins,30,100000,39327,16022,513909,839,157,3,0.9,0,1,1
279,Brian Montes,58,150000,98852,12175,966467,830,216,0,0.74,1,0,0
280,James Olsen,58,50000,22095,445,341359,716,152,1,0.98,0,0,0
281,Patrick Vargas,46,200000,111071,40479,1064374,734,233,2,0.84,0,1,1
282,Ashley Mccarthy,50,30000,14471,1267,144008,842,209,2,0.75,0,0,0
283,Mitchell Velasquez,55,200000,129236,22323,482209,659,297,1,0.63,1,0,0
284,Bailey Stewart,28,150000,93280,13170,582491,750,98,4,0.77,0,0,0
285,Jill Gonzalez,53,50000,22553,4089,261136,829,21,2,0.79,1,0,0
286,Chris Woodard,32,30000,20429,2700,168022,730,289,1,0.82,0,0,1
287,Jenna Hansen,35,70000,33787,3176,242669,715,298,4,0.69,0,0,0
288,Kenneth Austin,35,40000,20207,3835,83771,669,74,1,0.63,0,1,0
289,Dr. Amber Campbell,50,200000,96469,47732,799687,807,247,4,0.68,0,1,0
290,Mitchell Morton,28,50000,27574,2022,210796,662,174,2,0.64,0,0,0
291,Cheryl Campbell,46,30000,21787,1512,115759,722,169,0,0.84,0,0,1
292,Jennifer Meza,49,40000,21741,2184,224707,687,273,1,0.9,0,1,0
293,Marie Burgess,27,40000,20985,924,299828,700,223,0,0.85,0,0,0
294,Matthew Fields,21,100000,64207,7466,525741,773,31,3,0.97,0,0,1
295,Howard White,43,50000,22241,4045,244393,751,136,4,0.84,0,0,1
296,Danielle Woods,32,150000,66003,15404,1089163,652,126,2,0.65,0,1,0
297,Dr. Leslie Wyatt,48,150000,81720,15950,682950,714,22,3,0.6,1,0,0
298,Susan Shea,58,70000,44252,13948,426303,693,34,3,0.72,0,0,0
299,John Ryan,40,200000,77460,46044,812752,815,199,1,0.6,0,0,0
300,Scott Harris,38,40000,16976,2547,153184,778,275,0,0.73,0,1,0
301,Barbara Rodriguez,37,30000,21091,7083,78100,680,53,1,0.86,1,1,0
302,Jacob Kaufman,21,40000,22353,3309,210186,817,118,1,0.88,1,0,1
303,Gabriela Moyer,35,70000,44194,5234,458538,700,260,4,0.92,0,1,0
304,Larry Paul,58,200000,135995,25228,1499762,701,177,2,0.66,1,0,0
305,Daniel Mcdonald,22,100000,61969,8401,301866,730,265,2,0.8,0,1,0
306,Taylor Barron,28,100000,51180,7287,340643,700,251,2,0.82,0,0,0
307,Raymond Rhodes,55,40000,27316,4593,243081,796,125,0,0.67,1,1,0
308,Deborah Rollins,49,40000,17954,175,228609,657,205,0,0.96,1,0,0
309,Steven Greer MD,56,100000,62990,5139,242863,772,188,2,0.72,0,0,0
310,Amy Simpson,35,40000,27325,192,106928,797,262,2,0.67,0,1,0
311,Angel Dean,41,200000,126716,11299,1187695,753,179,1,0.82,0,1,1
312,Lisa Hawkins,26,40000,14860,9243,238812,835,199,4,0.65,1,1,0
313,Kevin Harris,34,40000,19742,4052,297338,672,191,2,0.77,1,1,0
314,Diane Brown,29,50000,17939,11700,370822,845,231,4,0.9,0,0,1
315,Elizabeth Howard,27,200000,142002,46303,1357844,735,65,1,0.75,1,0,0
316,Michael Wright,50,100000,47459,5702,390208,772,165,2,0.63,0,0,0
317,Kimberly Smith,21,50000,21178,5807,104097,736,245,0,0.75,0,1,0
318,Brian Johnson DDS,35,70000,46849,2226,306295,702,62,1,0.71,1,0,0
319,Jacob Ford,27,100000,58336,24625,257750,690,187,2,0.8,0,1,0
320,Melinda Cantu,38,200000,82806,4885,1025181,806,240,3,0.78,0,0,0
321,David Torres,47,40000,15495,2108,137294,727,160,1,0.81,1,1,1
322,Leah Chase,33,50000,18117,2517,180271,776,214,3,0.97,0,0,1
323,Timothy Dean,29,70000,48673,2785,146336,746,172,1,0.66,0,0,0
324,Madeline Patel,40,50000,30105,5525,288590,824,230,1,0.67,0,0,0
325,Andrea Frye,22,30000,18449,2784,176281,749,42,3,0.89,0,0,1
326,Lori Wright,41,40000,24925,8974,159817,714,62,0,0.95,0,0,0
327,Adrian Weber,24,50000,34793,11575,107141,704,252,3,0.96,0,0,0
328,Christina Hernandez,55,200000,104365,26688,1546343,760,271,1,0.66,0,0,0
329,Johnathan Butler,30,30000,10553,3759,186870,740,134,0,0.63,0,0,0
330,Alan Lopez,58,40000,28375,1904,315822,833,247,1,0.66,0,0,0
331,Jacob Peterson,44,30000,21598,6902,111823,652,233,2,0.92,0,0,0
332,Roy Lewis,48,100000,36605,13664,252966,761,85,3,0.74,0,0,0
333,Richard Odonnell,57,50000,18214,9584,301213,709,207,1,0.88,0,1,0
334,Elizabeth Meyers DVM,31,150000,58706,8668,654753,741,244,2,0.79,1,0,0
335,Michael Mitchell,43,150000,76602,17190,1063765,744,130,1,0.93,0,0,1
336,Katherine Morton,36,30000,13760,5759,213526,697,298,1,0.94,0,0,0
337,Anthony Becker,33,150000,85276,8191,788169,799,291,2,0.87,0,1,1
338,Steven Lawson,56,200000,79920,46092,607517,725,93,0,0.83,1,0,1
339,Jessica Rowe,36,100000,72009,6193,713140,760,145,2,0.64,1,0,0
340,Jermaine Wells,42,100000,56525,2183,755648,708,284,4,0.89,0,0,0
341,Mr. Daniel Kennedy PhD,54,40000,24716,2688,178471,797,94,1,0.89,0,1,1
342,Kristina Ortiz,32,30000,20325,1501,164259,786,162,1,0.96,0,0,1
343,Cheryl Miller,27,200000,110920,13283,1522959,743,94,4,0.8,0,0,0
344,Candice Allen,59,200000,130448,36445,815849,677,255,4,0.74,0,0,0
345,Christopher West,53,50000,34104,7938,371507,705,117,1,0.64,0,0,0
346,Kristy Lopez,21,150000,61596,3453,515769,667,179,4,0.88,0,0,0
347,Hannah Sutton,55,40000,26993,2257,206282,713,175,3,0.82,0,0,0
348,Thomas Williams,45,50000,31268,2834,110555,795,56,0,0.94,1,0,1
349,Joan Daniel,38,200000,127502,2291,643940,773,286,4,0.91,1,0,1
350,Erika Mejia,55,50000,29893,11467,239119,657,141,2,0.75,0,0,0
351,William Stevens,31,150000,66495,29280,860430,699,247,0,0.99,1,1,0
352,Elizabeth Smith,37,70000,47968,378,237921,801,94,0,0.79,0,0,0
353,Denise King,35,70000,37886,11790,380217,778,278,0,0.94,0,0,1
354,Roger Jones,53,40000,25742,2846,156268,676,265,0,0.62,0,0,0
355,Justin Alvarez,49,50000,26262,4486,269861,659,187,0,0.83,0,1,0
356,Brian Jones,28,50000,28306,8820,207303,701,81,4,0.92,0,0,0
357,Thomas Gomez,29,70000,27110,4611,518969,685,83,1,0.77,0,0,0
358,Joshua Morris,48,150000,82472,9459,1119958,810,248,1,0.82,0,0,1
359,Miguel Carlson,48,70000,50450,8579,493643,761,167,4,0.84,1,1,1
360,Ashley Howard,21,50000,29444,8966,234210,765,103,1,0.85,0,1,1
361,Bruce Miller,38,50000,19647,11873,132759,820,216,3,0.98,0,1,1
362,Andrea Russell,55,40000,17543,862,180012,724,86,2,0.96,1,0,1
363,Anna Harris,52,100000,43418,9150,728208,764,167,4,0.85,1,0,1
364,Desiree Wood,43,100000,65090,1687,330298,662,144,0,0.84,1,1,0
365,Scott Rogers,49,70000,25431,8799,271917,772,135,4,0.74,0,0,0
366,Nathan Blake,49,100000,46509,24575,225117,802,238,4,0.62,0,1,0
367,Jared Chambers,47,50000,22254,7302,216139,847,127,1,0.94,0,1,1
368,Maria Owens,50,30000,17799,5052,112501,695,276,0,0.99,1,1,0
369,Tracy Smith,21,30000,19200,174,91419,740,69,3,0.93,0,1,1
370,Jason Nichols,36,200000,121637,2238,1050603,842,48,4,0.73,0,1,0
371,Chad Barry,23,40000,14193,1331,283921,807,284,0,0.74,1,1,0
372,Alvin Adams,57,100000,47489,22738,602607,713,61,2,0.61,0,1,0
373,Thomas Shields,54,40000,28448,835,277429,651,169,3,0.89,0,0,0
374,Erin Reed,57,40000,27205,3463,216036,764,32,1,0.63,0,1,0
375,Karen Kelly,57,30000,18044,6858,66513,762,81,4,0.73,0,0,0
376,Michael Price,32,150000,111480,2174,825176,699,274,3,0.7,1,0,0
377,Jill Jackson,50,100000,71343,10264,431552,823,41,4,0.74,0,1,0
378,Joshua Mayer,57,70000,26485,8748,507047,830,139,3,0.98,1,1,1
379,William Martinez,30,40000,24361,9662,202490,661,298,4,0.85,1,0,0
380,Keith Campos,34,50000,35922,11051,129398,818,265,1,0.76,0,0,0
381,Beverly Young,26,30000,11767,7363,191573,690,76,2,0.71,1,0,0
382,Debra Dominguez,36,100000,57872,17434,604219,802,50,4,0.93,0,1,1
383,Gina Barry,56,50000,18106,9556,350628,700,257,2,0.81,0,0,0
384,Charlotte Bailey,23,100000,43331,15214,633799,787,245,4,0.89,1,0,1
385,Allison Morales,30,200000,124552,31692,912696,793,128,2,0.8,0,1,0
386,Miguel Jackson,50,100000,46242,7181,246060,795,137,1,0.83,0,0,1
387,Daniel Gordon,29,40000,25853,247,296748,677,33,4,0.92,0,0,0
388,Susan Lewis,23,100000,46344,16358,723101,720,271,1,0.84,0,0,0
389,Parker Bauer,46,50000,22219,2106,202605,794,220,3,0.9,0,0,1
390,Gregory Lee,39,50000,23395,10024,309014,737,78,3,0.86,0,1,1
391,Christopher Drake,23,30000,17811,868,112466,723,185,3,0.9,1,0,1
392,Mrs. Stephanie Fritz,45,40000,23065,224,317620,775,80,3,0.87,1,0,1
393,Timothy Alvarez,49,40000,16208,386,112856,741,79,2,0.62,0,0,0
394,Jesse Cole,55,150000,88287,23861,1064341,804,264,2,0.69,0,0,0
395,Amy Lara,35,150000,108525,11475,476968,827,196,2,0.68,0,0,0
396,Jeanette Allen,59,150000,100387,19707,381959,745,59,4,0.89,1,1,1
397,Mary Richardson,47,70000,45391,2118,233075,754,153,0,0.76,1,0,0
398,Marilyn Bates,30,100000,35141,15335,217863,657,153,0,0.71,1,0,0
399,Kristina Zamora,22,100000,74714,16276,330476,837,276,2,0.6,0,0,0
400,Rebecca Taylor,28,100000,50155,9695,533279,757,166,4,0.76,0,0,0
401,Mrs. Catherine Logan PhD,52,100000,37596,9704,287444,770,272,0,0.63,0,0,0
402,Brenda Harding,37,40000,27595,8121,123851,816,203,3,0.79,0,0,0
403,Matthew Browning,53,50000,28423,5145,132347,783,85,4,0.97,0,0,1
404,Bernard Day,33,30000,20037,1719,88590,682,87,4,0.94,1,0,0
405,Mary Davis,38,50000,17826,2175,246554,668,181,1,0.94,0,0,0
406,Jerry Flores,52,200000,117294,48455,588123,752,260,4,0.67,0,0,0
407,Mrs. Danielle Matthews,59,100000,41620,3606,524857,694,72,0,0.67,0,0,0
408,Ashley Bryant,47,100000,63334,20718,371395,696,263,4,0.82,1,0,0
409,Denise Morgan,34,100000,51330,8279,216910,709,268,0,0.93,0,0,0
410,Kim Johnson DDS,42,70000,50868,11165,498771,732,38,3,0.95,0,0,1
411,Michelle Bullock,31,150000,80978,34918,655356,771,296,0,0.79,0,0,0
412,Stephanie Marshall,37,100000,52125,6589,656577,843,215,3,0.95,1,0,1
413,Robert Rodriguez,36,50000,17866,6815,318347,832,251,4,0.88,1,0,1
414,Nicole Rasmussen,40,150000,81470,32239,743130,759,77,0,0.92,0,1,1
415,Jennifer Morgan,37,30000,14438,3508,182711,783,143,3,0.77,1,0,0
416,Anna Perez,38,200000,99234,9082,1223991,797,152,1,0.83,1,0,1
417,Megan Brown,40,100000,57762,5069,375687,689,55,3,0.97,0,0,0
418,Dawn Mason,30,40000,23173,6885,158275,770,126,0,0.83,0,0,1
419,Kristina Livingston,42,100000,54176,10747,631642,739,218,4,0.72,0,1,0
420,Elaine Evans,50,40000,14947,9576,115468,796,169,3,0.67,1,0,0
421,John Coffey,22,50000,19718,9385,310692,729,196,2,0.97,0,0,1
422,Barbara Meadows,58,150000,92043,21207,309384,809,192,2,0.89,1,0,1
423,Mr. Nicholas Chapman,52,70000,30668,6896,391371,829,239,0,0.65,1,1,0
424,Allison Smith,28,50000,24979,10130,270506,653,188,0,0.65,1,1,0
425,Daniel Burton,40,150000,61982,25179,513466,830,36,1,0.96,1,0,1
426,Charles Valdez,35,40000,28111,8520,201527,695,169,2,0.96,0,0,0
427,Charles Collins,36,100000,66746,18448,755270,838,63,1,0.88,0,0,1
428,Amber Bradford,34,50000,32451,6472,297285,689,220,2,0.75,1,0,0
429,Jeanette West,41,30000,19159,4635,76479,678,246,2,1.0,0,0,0
430,Thomas Taylor,39,50000,34170,2445,148543,782,177,0,0.94,1,0,1
431,Mitchell Mills,37,50000,24271,9931,336992,697,87,2,0.72,1,0,0
432,Laura Castaneda,41,100000,45089,1775,495465,749,259,0,0.71,0,1,0
433,Ernest Parker,27,70000,39570,584,309440,843,171,1,0.69,1,0,0
434,Randy Holden,21,30000,11896,7114,98441,691,192,1,0.86,0,0,0
435,Casey Powell,59,70000,42542,2806,240181,719,219,4,0.83,0,0,0
436,John Nelson,43,100000,39984,12005,251016,696,184,1,0.92,0,1,0
437,Joseph Bray,31,50000,32488,8075,241882,829,23,4,0.83,1,0,1
438,Jason Mckinney,30,200000,144975,5393,519112,728,65,2,0.67,1,0,0
439,Dustin Fuentes MD,46,100000,64835,12504,227095,732,147,1,0.87,1,0,1
440,Michael Mccoy,51,30000,15964,4153,82025,785,70,0,0.61,0,0,0
441,Alexis Roberts,24,200000,75472,42750,1356430,805,174,4,0.81,0,0,1
442,James Henson,27,150000,112179,37352,1071850,725,42,4,0.92,0,0,1
443,Ashley Reed,53,30000,15558,6049,222653,671,66,4,0.99,0,0,0
444,Norma Chavez,37,100000,35550,13649,245360,726,219,0,0.94,0,1,1
445,Anthony Meyer,57,50000,18281,9282,199273,828,126,3,0.75,0,1,0
446,Gary Walker,49,150000,83085,13799,781200,715,126,4,0.97,1,0,0
447,Mrs. Mallory Carr,53,30000,10792,1884,76486,793,59,1,0.87,0,0,1
448,Michael Gonzalez,50,50000,37484,8156,211723,789,57,1,0.95,0,0,1
449,Anna Richardson,23,50000,21360,12485,158682,800,138,1,0.69,0,0,0
450,Charles Contreras,36,70000,33433,5833,450370,811,294,4,0.63,0,0,0
451,Morgan Griffith,46,100000,61100,10390,260102,820,46,3,0.76,0,0,0
452,Robert Ryan,56,150000,60662,10878,598177,702,265,1,0.61,1,1,0
453,Jeffery Williams,56,200000,106583,24981,1191177,763,40,3,0.8,0,0,0
454,Donald Taylor,41,40000,19468,6755,150988,800,178,1,0.9,0,1,1
455,Travis Weber,24,40000,24030,181,226008,749,138,4,0.63,0,0,0
456,Joshua Thompson,35,100000,58569,10901,769338,806,128,1,0.83,0,0,1
457,Carol Smith,38,200000,73779,33037,451801,667,152,0,0.96,0,0,0
458,Tracy Jennings,37,150000,74014,6288,382768,669,182,3,0.68,0,0,0
459,Deborah Greene,46,200000,93643,37899,1202458,727,55,3,0.92,0,1,1
460,Jamie Levine,37,40000,19447,1126,199773,785,188,2,0.64,1,0,0
461,Jacob Osborne DVM,36,100000,51629,14864,451991,715,51,2,0.72,0,0,0
462,Jacob Hoffman,44,150000,86515,22047,597878,684,58,2,0.8,0,1,0
463,William Smith,47,40000,25402,9116,292414,712,256,0,0.81,0,0,0
464,Karen Hill,27,50000,32482,2938,363513,732,42,2,0.69,0,0,0
465,Malik Alexander,27,100000,44340,20200,432176,738,47,3,0.69,0,1,0
466,Jean Williams,22,70000,30774,11683,523474,801,290,3,0.71,0,0,0
467,Sarah Case,52,50000,17536,4256,343957,693,156,1,0.97,1,0,0
468,Mrs. Tina Diaz MD,56,150000,71001,30812,809340,693,259,3,0.62,0,0,0
469,Jeffery Deleon,38,70000,36954,17304,221125,661,123,2,0.81,0,0,0
470,Alicia Riley,40,50000,22670,11141,244813,826,180,0,0.68,0,0,0
471,Bridget Graham,57,30000,18386,7458,177379,729,149,3,0.88,1,0,1
472,Mindy Castillo,47,70000,43640,1774,195839,679,114,3,0.84,0,1,0
473,Tracey Harper,24,150000,103571,11834,1167625,786,235,4,0.66,1,0,0
474,Larry Martin,49,150000,59645,7243,1054034,688,274,2,0.81,0,1,0
475,Rhonda Brown,21,40000,22730,3322,307361,751,247,3,0.85,1,0,1
476,Jason Jones,33,200000,110402,23593,938966,761,281,0,0.81,0,0,1
477,Mr. Anthony Bartlett DDS,48,200000,79762,29359,756896,723,162,1,0.9,0,0,1
478,Michele Allen,30,70000,26011,15144,354770,664,41,1,0.92,0,1,0
479,Martin Green,24,100000,53968,22168,344545,786,46,0,0.86,0,0,1
480,Bobby Stein,27,70000,27639,12420,556949,832,253,0,0.85,0,0,1
481,Lisa Velasquez,46,30000,18417,1943,178354,842,122,3,0.64,1,0,0
482,Rebecca Hull,57,200000,100838,17266,1110367,845,58,1,0.79,1,0,0
483,Michael Mendez,25,200000,131055,12068,1248361,819,212,2,0.95,1,0,1
484,Charles Powell,59,50000,29580,3238,350991,806,292,3,0.79,0,0,0
485,Daniel Carlson,27,150000,102449,31744,604702,837,88,2,0.78,0,0,0
486,Maria Olson,22,40000,26409,1902,116632,841,63,4,1.0,1,0,1
487,Vincent Serrano,46,150000,68304,14048,1140097,791,60,2,0.98,0,0,1
488,Brian Herrera,36,40000,15477,3598,145809,726,271,3,0.75,1,1,0
489,Mary Stevens,43,100000,55149,20362,691571,681,30,3,0.65,0,1,0
490,Jordan Rodgers,53,70000,43768,1080,156490,771,282,1,0.68,0,1,0
491,Francisco Richardson,51,100000,35174,13004,330292,787,257,4,0.98,0,1,1
492,Elizabeth Rhodes,31,150000,104540,22364,1125924,772,250,2,0.92,0,0,1
493,James Galloway,52,100000,57074,12668,390995,787,107,0,0.67,1,0,0
494,April Finley,52,30000,12265,5747,66273,831,270,1,0.68,0,0,0
495,Cristian Barnes,44,50000,21062,1167,201795,776,26,4,0.88,0,0,1
496,William Dunn,24,40000,28790,7454,173699,706,296,0,0.64,1,1,0
497,Angelica Edwards,39,150000,109366,27039,374143,715,231,3,0.83,0,1,0
498,Patrick Burke,26,70000,32469,6630,223760,691,208,3,0.75,1,0,0
499,Sara Richard,53,150000,55481,9989,946551,693,249,3,0.64,0,0,0
500,Nicole Miller,53,150000,84864,19818,679310,751,182,0,0.89,0,0,1
501,Peter Valenzuela,49,70000,26282,5179,275129,792,271,0,0.77,0,1,0
502,Robin Hall,34,100000,39634,11761,309397,755,56,3,0.79,0,0,0
503,Adam Lester,36,50000,28536,11628,272164,680,128,2,0.62,0,0,0
504,Steven Strickland,33,50000,29694,11346,274699,842,125,1,0.85,0,0,1
505,Dr. Gene Boyer,52,150000,63379,22710,695036,664,230,4,0.63,1,1,0
506,Joseph Price,26,40000,22348,1615,172202,825,144,2,0.89,0,0,1
507,Kevin Martinez,41,150000,104179,23312,1160743,704,70,1,0.64,0,0,0
508,April Murray,26,30000,12946,179,160644,786,183,4,0.98,0,0,1
509,Mr. Brian Clark DDS,39,100000,53727,22821,540830,780,155,4,0.6,0,0,0
510,Anthony Wiggins,27,100000,58121,13070,488674,654,176,3,0.9,1,1,0
511,Anna Villegas,33,30000,21769,325,170613,738,192,4,0.62,1,0,0
512,Gail Hammond,31,40000,25795,3252,248305,705,37,0,0.94,0,1,0
513,Natalie Harris,40,70000,28934,16003,508946,681,240,4,0.78,0,0,0
514,Erin Chen,33,30000,21287,3435,139207,706,94,2,0.96,0,0,0
515,James Luna,47,50000,36292,8049,127487,679,240,0,0.87,1,1,0
516,Michael Aguirre,48,70000,51492,383,462858,652,65,1,0.86,0,1,0
517,Candice Jarvis,57,50000,36319,2691,398086,795,109,1,0.75,1,1,0
518,Robert Soto,28,30000,16517,6105,194139,779,280,4,0.82,0,0,1
519,Kelly Mcknight,38,40000,17573,2203,190365,810,251,3,0.91,0,1,1
520,Candace Thornton,33,100000,36065,17983,212003,662,93,1,0.81,1,0,0
521,Tony Hoffman,33,150000,98260,37395,1008667,651,82,4,0.96,0,1,0
522,Joseph Miller,42,200000,77139,28904,1179932,689,192,1,1.0,1,1,0
523,Erin Wagner,46,150000,71334,26296,1138729,708,262,0,0.73,0,0,0
524,Kathleen Rodriguez,49,30000,16134,4230,63019,774,146,0,0.66,1,0,0
525,Jennifer Johnston DVM,43,50000,26509,2111,197912,789,183,3,0.91,0,1,1
526,Brian Mccoy,53,30000,22130,1769,205665,829,63,3,0.79,1,1,0
527,Emily Goodman,54,30000,13213,6376,115575,820,72,4,0.81,0,0,1
528,Paul Miller,25,40000,27461,2770,131531,831,244,0,0.68,0,0,0
529,Amy Jacobs,41,200000,93710,31183,544318,693,64,4,0.78,1,1,0
530,Stephen Garcia,25,70000,32398,11072,231720,779,237,1,0.93,0,0,1
531,Dylan Phillips,54,200000,108808,37140,479952,704,56,3,0.75,0,0,0
532,Cheryl Blankenship,33,40000,29128,6729,92947,832,158,4,0.91,1,0,1
533,Pamela Rodriguez,31,50000,17663,9177,139335,663,234,1,0.7,1,0,0
534,Joshua Dunn,41,30000,21332,3339,73273,835,88,2,0.96,0,0,1
535,Lauren Robinson,37,100000,68754,23017,491494,760,97,1,0.73,0,0,0
536,Stephanie Hughes,46,100000,56730,12793,232978,828,299,3,0.91,1,0,1
537,James Long,41,70000,52283,11318,186700,789,116,4,0.8,0,1,0
538,Theresa Black,30,200000,137245,41995,683637,846,256,1,0.8,1,0,0
539,Candace Chen,32,200000,90173,22661,1166820,733,85,4,0.63,0,1,0
540,Frank Rogers Jr.,51,100000,71556,18949,440480,665,201,1,0.89,0,0,0
541,Brian Horn,39,70000,42892,8938,237075,834,49,1,0.99,1,0,1
542,Kaitlin Martin,44,150000,65631,6942,1073948,844,105,3,0.91,0,0,1
543,Tammy Smith,35,100000,67995,14735,670182,767,195,3,0.98,0,0,1
544,Sean Wong,31,100000,54004,1433,631084,797,56,0,0.88,0,1,1
545,Colleen Reid,23,200000,146301,39777,889129,847,67,2,0.71,0,0,0
546,Joshua Reese,39,50000,28565,10305,208728,787,38,3,0.93,0,0,1
547,Jon Stephens,29,200000,129747,44186,1320164,684,256,1,0.85,0,0,0
548,Rodney King,31,150000,99968,11219,421496,653,44,2,0.78,0,0,0
549,Angel Thomas,55,150000,95849,6485,306661,824,75,4,0.67,0,0,0
550,Mary Morrow,51,50000,26121,4567,233787,824,298,4,0.86,0,0,1
551,Carl Singleton,39,100000,71532,10711,426719,720,285,3,0.62,1,1,0
552,Christopher Waller,26,30000,12989,6435,94240,780,54,1,0.75,0,0,0
553,Wendy Adams,49,30000,12082,264,131108,842,96,2,0.77,0,0,0
554,Erik Crane,28,50000,18946,6035,360167,686,173,1,0.71,0,0,0
555,Morgan Stewart,45,30000,16124,4765,227930,745,46,3,0.76,0,1,0
556,Kelly Kennedy,45,200000,115859,30318,602777,699,233,3,0.91,1,0,0
557,Valerie Scott,25,100000,38385,23755,264161,692,255,0,0.75,0,0,0
558,Bryan Shaw,58,100000,39511,3903,789305,747,68,0,0.71,1,0,0
559,Erin Wang,35,150000,97322,22457,640166,836,139,3,0.77,0,0,0
560,Chelsey Henry,47,70000,50776,17190,537691,688,189,1,0.87,0,0,0
561,Wanda Burke,52,30000,17881,3356,88557,780,148,2,0.64,0,0,0
562,Jennifer Howard,25,30000,21009,6322,91529,694,285,4,0.93,0,0,0
563,Vanessa Haas,33,30000,18177,2500,195601,809,283,2,0.85,1,0,1
564,James Jones,26,100000,72330,14908,487784,723,47,3,0.98,1,1,1
565,Danielle Morris,45,100000,48245,9279,477184,840,48,1,0.78,0,0,0
566,Kayla Salas,35,40000,29534,3450,258026,840,138,2,0.85,0,0,1
567,Jeffrey Collins,35,30000,14944,7177,203463,739,271,1,0.84,0,0,1
568,William Fernandez,50,70000,30749,7730,449652,664,159,1,0.8,1,1,0
569,Rachel Pierce,41,50000,32922,5184,163893,826,78,2,0.88,1,0,1
570,Timothy Mcdowell,30,50000,24949,4833,365371,762,134,4,0.85,0,0,1
571,Larry Richards,29,50000,19265,8429,217059,843,188,3,0.81,0,0,1
572,Calvin Ramirez,58,40000,14316,1978,194750,733,221,0,0.91,1,0,1
573,John Sanders,51,70000,51924,3197,522721,656,143,3,0.78,1,1,0
574,Julian Anderson,37,150000,95258,6249,1031799,776,38,0,0.97,0,0,1
575,Amber Kirk,33,70000,27396,4895,365777,804,214,3,0.65,1,0,0
576,Joshua Young,42,30000,11295,2142,121797,687,264,4,0.92,0,1,0
577,Theresa George,50,30000,13077,1303,124082,673,69,4,0.93,1,1,0
578,James Sanders,28,200000,103127,34012,881575,818,84,4,0.93,1,0,1
579,John Neal,46,100000,56041,276,485335,653,280,3,0.83,0,0,0
580,Teresa Collins,53,40000,15024,3987,100681,847,280,1,0.73,0,0,0
581,Emily Taylor,32,40000,20528,373,136895,682,168,3,0.98,0,1,0
582,Shelby Torres,58,100000,38346,13436,585543,749,234,4,0.78,1,0,0
583,Kevin Smith,43,70000,41033,974,554022,845,298,4,0.88,0,0,1
584,Andrea Brown,53,30000,13391,6931,215969,653,179,2,0.98,1,0,0
585,Vincent Aguilar,22,150000,62248,29514,967037,767,271,1,0.77,1,1,0
586,Rebecca Nunez,36,200000,91935,28885,770866,712,203,2,0.62,1,0,0
587,Stephen Fernandez,29,100000,71786,18984,531720,803,175,1,0.96,1,0,1
588,Mr. Jose Wallace,27,150000,107195,29307,950610,796,80,4,0.66,1,0,0
589,Cynthia Brown,51,70000,51012,8797,338351,656,193,3,0.61,0,0,0
590,Micheal Farrell,57,50000,31564,12222,233997,697,272,1,0.71,0,0,0
591,Christopher Bray,59,70000,25903,3439,228469,761,120,2,0.64,0,0,0
592,Lisa Lynch,23,200000,143429,499,871743,748,69,0,0.74,0,1,0
593,Tammy Fry,50,70000,28633,10372,512062,704,118,0,0.9,0,0,0
594,Andrew Johnson,38,100000,68240,6345,337721,757,204,0,0.76,1,1,0
595,William Hill,51,30000,13923,3985,193782,837,37,0,0.96,0,0,1
596,Alfred Bennett,46,70000,35021,2314,395197,702,288,3,0.72,1,0,0
597,Patricia Newton,36,50000,25124,1236,152135,831,88,2,0.97,1,1,1
598,Kevin Phelps,30,30000,13184,3250,236545,729,177,1,0.93,1,1,1
599,Heather Jenkins,53,100000,74158,8847,476321,835,235,2,0.94,1,1,1
600,Jordan Hill,38,50000,24032,10659,249381,776,171,1,0.85,0,1,1
601,Brett Chavez,55,50000,22271,9489,361819,763,121,4,0.69,0,0,0
602,Scott Willis,47,30000,21872,5298,216819,707,30,2,0.92,1,0,0
603,Daniel Wolf,37,40000,14942,8178,215852,675,206,1,0.95,0,0,0
604,Natasha Shah,47,200000,129078,33282,1175252,747,48,4,0.76,1,1,0
605,Pamela Snyder,24,100000,74902,14713,385640,768,121,3,0.9,0,0,1
606,Jo Peterson,25,70000,51072,1776,443375,740,216,2,0.76,0,1,0
607,Curtis Andrews,39,30000,14525,4574,68340,806,132,2,0.99,0,1,1
608,Nicole Thomas,21,150000,67340,19655,836352,848,121,2,0.7,0,1,0
609,Larry Garcia,34,150000,103219,16506,733795,799,179,3,0.75,0,1,0
610,Mrs. Doris Molina,30,40000,29227,5014,200605,810,239,1,0.73,0,1,0
611,Carol Douglas,25,40000,23102,4581,197512,659,47,2,0.64,1,0,0
612,Tiffany Stein,30,150000,64469,32850,934427,656,203,4,0.72,0,0,0
613,James Paul,54,30000,11011,3210,178731,751,297,2,0.91,1,0,1
614,Stephanie Hodge,35,50000,36245,6471,241770,672,288,1,0.8,0,0,0
615,Michele Price,45,150000,56968,18997,1002536,816,172,2,0.61,0,0,0
616,Bethany Garza,59,200000,136387,49723,914383,787,128,0,0.99,0,0,1
617,Robert Bates,24,100000,68516,22635,378451,714,207,0,0.74,0,0,0
618,Grace Morrison,24,70000,48680,7904,349044,816,256,0,0.96,0,0,1
619,Paul Gonzalez,22,50000,31572,4202,393749,671,87,3,0.79,1,0,0
620,William Bates,50,150000,91738,26490,936029,718,188,2,0.75,1,0,0
621,Adam Johnson,50,50000,36096,11549,310888,776,131,1,0.87,1,0,1
622,Stephanie Watson,43,50000,36487,9142,321661,715,269,1,0.61,1,1,0
623,David Adams,41,40000,21997,8111,237116,657,294,0,0.87,1,0,0
624,William Chaney,29,150000,85878,23509,362853,730,44,2,0.76,1,0,0
625,William Black,35,150000,88732,15253,459537,692,187,4,0.73,0,0,0
626,Christopher Gregory,36,100000,68583,12370,220090,687,262,2,0.66,0,1,0
627,Stacy Harris,32,30000,21854,620,167583,810,198,2,0.72,0,0,0
628,Sarah Mcintosh,53,50000,37045,877,260202,697,177,4,0.69,0,0,0
629,Melissa Black,42,150000,98264,33663,962699,666,278,1,0.77,0,0,0
630,Kelly Buck,21,200000,137873,26820,1178806,831,207,3,0.66,0,0,0
631,Brandon Neal,41,50000,36730,2654,123409,760,281,3,0.72,1,0,0
632,David Johnson,31,40000,28260,3287,83037,812,197,0,0.75,0,0,0
633,Jennifer Munoz,57,40000,22939,5582,250375,711,244,0,0.82,0,0,0
634,Megan White,58,40000,22390,7006,239363,818,153,2,0.85,1,0,1
635,Kari Murphy,35,150000,110042,14121,774379,731,175,2,0.86,0,0,1
636,Ellen Fields,55,200000,103444,10322,579403,681,273,1,0.7,0,1,0
637,Erin Newman,25,50000,28062,7751,221122,838,117,1,0.63,0,0,0
638,Sierra Hurst,57,40000,25128,3607,157067,656,265,1,0.8,0,1,0
639,William Klein,36,70000,50986,9139,468031,846,65,1,0.92,0,1,1
640,Elizabeth Lam,46,50000,35763,7384,297061,673,224,0,0.91,1,1,0
641,Sierra Ibarra,31,70000,32568,1825,292237,681,65,3,0.99,0,0,0
642,Michael Taylor,28,100000,67244,1492,318297,818,92,2,0.81,1,0,1
643,Andrew Daniels,43,50000,36540,7845,214202,819,138,1,0.76,0,0,0
644,Cassandra Johnson,37,150000,103239,36748,553035,764,63,3,0.87,1,0,1
645,Michael Thompson,54,50000,27855,7476,197985,705,170,2,0.96,0,0,0
646,Abigail Kennedy,47,100000,51242,5807,218255,811,252,1,0.66,1,1,0
647,Andrew Hanna,31,100000,73135,5342,638858,794,262,2,0.9,1,0,1
648,Daniel Lewis DDS,54,40000,18730,5399,217716,778,63,3,0.98,0,0,1
649,Nathan Flores,50,150000,80468,22481,602604,819,262,2,0.81,0,0,1
650,Luis Mccarthy,26,100000,55536,2847,589462,674,26,1,0.74,0,0,0
651,Jeffrey Smith,32,40000,23704,7369,313737,805,168,4,0.98,0,0,1
652,Jason Blanchard,39,70000,43888,13579,153619,717,85,1,0.62,0,0,0
653,Kelly Russell,33,150000,70651,15917,582731,825,252,0,0.69,1,1,0
654,Peter Brady,49,50000,25173,10409,376451,655,61,0,0.75,0,0,0
655,Kristina Knapp,29,50000,28878,5659,375683,781,148,3,0.64,0,0,0
656,Michael Harper,40,200000,73902,20591,1370588,770,119,3,0.62,0,0,0
657,Kimberly Harvey,50,70000,29442,14055,254729,773,62,4,0.93,0,0,1
658,Amy Wiggins,35,50000,35232,1002,383608,839,69,4,0.78,1,0,0
659,Wanda Payne,35,200000,137975,39931,1004530,826,213,0,0.68,0,0,0
660,Jason Moreno,56,150000,87273,5210,713833,703,62,3,0.93,0,0,0
661,Jason Wall,27,200000,116425,37559,1034060,832,114,2,0.85,0,0,1
662,Michael Schmidt,57,150000,91419,25141,880537,737,97,0,0.64,0,0,0
663,Joel Mann,23,200000,137417,36369,911158,655,77,0,0.95,0,0,0
664,Sandra Sheppard,44,200000,83445,44343,1106819,838,146,3,0.95,1,1,1
665,Megan Montgomery,54,30000,14510,1972,210922,783,83,3,0.9,1,0,1
666,Brittany Cole,21,100000,63817,17599,620097,656,144,3,0.97,0,0,0
667,Anthony Rios,42,70000,34006,3287,361315,813,164,0,0.86,0,0,1
668,Michael Hughes,34,40000,21171,6359,82022,651,222,4,0.85,0,0,0
669,John Mcdowell,25,70000,32872,3701,540063,693,163,0,0.93,0,0,0
670,Carolyn Barker,25,40000,23085,1627,96688,818,118,2,0.94,0,1,1
671,William Goodwin,24,200000,113221,44272,1452091,802,59,1,0.76,0,0,0
672,Mr. Damon House,24,50000,21439,4474,322894,734,125,3,0.65,0,0,0
673,Leon Matthews,22,150000,80367,1158,732602,744,57,0,0.94,0,0,1
674,Brian Perez,47,40000,23829,1224,170856,701,140,2,0.8,0,0,0
675,Andrew Evans,33,40000,14796,1274,107949,745,194,2,0.86,0,1,1
676,Doris Bird,45,100000,57066,12384,401228,763,298,3,1.0,1,0,1
677,Peter Cross,46,70000,33139,12075,468592,840,206,2,0.68,1,0,0
678,Kylie Perry,42,70000,33378,11351,333077,766,46,1,0.86,0,0,1
679,Michelle Oliver,29,150000,97728,19227,557583,714,254,2,0.79,0,1,0
680,Christopher Spence,29,100000,44603,7524,379432,677,195,0,0.98,1,0,0
681,Jason White,39,40000,26091,4697,252202,756,25,2,0.73,1,0,0
682,Melissa Sanchez,49,100000,47526,1480,354660,815,162,4,0.77,0,0,0
683,Larry Herrera,50,50000,35688,6381,315648,728,100,1,0.87,1,0,1
684,Carlos Nelson,40,40000,14762,5498,318662,849,182,0,0.65,0,0,0
685,Brandon Jenkins,22,200000,99924,24900,1138779,670,20,3,0.9,0,0,0
686,Justin Aguilar,43,40000,19656,6818,124248,811,298,0,0.87,0,0,1
687,Danielle Mason,45,40000,21135,1267,157024,710,233,4,0.78,0,1,0
688,Andrew Jones,34,40000,24522,1822,174538,835,22,4,0.84,0,0,1
689,Gregory Miranda,56,150000,59533,5445,374528,732,218,4,0.86,0,1,1
690,Cheryl Wright,51,30000,15804,7125,159363,826,255,2,0.61,0,0,0
691,Lisa Ortiz,50,40000,19422,9712,114934,756,205,1,0.79,0,0,0
692,Anthony Atkins,38,200000,94317,32623,778543,674,199,4,0.9,0,0,0
693,Amy Little,49,30000,18000,6338,223801,705,274,2,0.92,0,0,0
694,Bridget Garcia,30,200000,112508,47638,585648,745,194,1,0.94,1,1,1
695,Christine Greene,51,30000,11217,3657,90342,812,225,1,0.76,0,0,0
696,Susan Weiss,29,100000,62101,14071,717840,665,124,2,0.78,0,1,0
697,Ryan Leblanc,58,200000,103196,22714,1395999,833,76,0,0.73,1,0,0
698,Kevin Nelson,39,50000,28184,2768,115311,831,230,1,0.72,0,0,0
699,Stephanie Cannon,37,50000,19357,3554,127648,730,248,1,0.99,1,0,1
700,Kimberly Simpson,38,100000,73519,19889,620475,778,222,2,0.96,1,1,1
701,Renee Fry,58,200000,104999,26984,529545,824,173,0,0.67,0,1,0
702,Hannah Lopez,49,30000,12220,14,73838,661,249,3,0.8,0,0,0
703,Cheryl Todd,41,150000,64558,22221,767354,845,137,3,0.9,1,0,1
704,Sean Berger,22,150000,94589,28838,754772,764,229,2,0.99,0,0,1
705,Theresa Roberts,31,40000,19814,1667,248020,807,57,2,0.67,0,0,0
706,Bruce Harris,36,100000,65686,4991,786596,722,233,1,0.91,0,1,1
707,Cynthia Bolton,44,40000,29977,7610,138015,818,57,3,0.94,0,0,1
708,Kenneth Parker,23,70000,29310,17178,262583,694,240,1,0.94,1,0,0
709,Nicholas Rivas,50,150000,100836,3593,618101,665,94,3,0.61,1,0,0
710,Jay Harrison,22,200000,85495,27174,661659,680,233,4,0.72,0,0,0
711,Michael Montgomery,51,50000,31616,4789,196085,733,160,4,0.88,0,1,1
712,Andrew Garza,23,30000,20450,6560,186803,704,98,0,0.75,1,0,0
713,Tammy Stein,34,70000,42432,155,252363,690,114,4,0.64,1,0,0
714,Lori Kemp,55,50000,27924,1383,215779,667,240,2,0.66,1,0,0
715,Glen Winters,37,50000,23205,9927,285318,704,293,1,0.73,0,0,0
716,Christy Williams,32,70000,36045,15127,271522,690,95,2,0.64,0,1,0
717,Christine Arnold,44,50000,32854,9077,160381,819,29,0,0.7,0,0,0
718,John Bowman,46,50000,24430,9537,260393,746,49,0,0.66,0,0,0
719,Christian Freeman,25,70000,43892,11846,371897,815,242,3,0.8,0,0,0
720,Penny Kim,23,70000,36775,10681,347053,803,118,3,0.87,0,0,1
721,Kayla Hernandez,37,70000,51237,12677,431823,803,205,2,0.72,1,0,0
722,Matthew Bush,35,40000,17518,113,287957,701,161,1,0.75,1,0,0
723,Amber Jones,33,150000,53061,11102,729630,836,129,2,0.83,1,0,1
724,Richard Lewis,59,50000,23583,322,119134,836,120,1,0.75,0,0,0
725,Julian Arnold,58,150000,77147,27583,418215,656,183,4,0.69,0,0,0
726,Terri Mitchell,59,30000,21436,1141,104867,685,175,2,0.72,1,0,0
727,Mary Ayala,23,50000,24950,5083,212742,746,279,1,0.65,1,0,0
728,David Young,46,50000,32009,7951,234494,656,285,3,0.74,0,0,0
729,Suzanne Manning,41,40000,20669,6711,177746,670,157,0,0.68,0,0,0
730,Carla Lewis,59,40000,17168,2078,274611,783,196,2,0.65,1,1,0
731,Marilyn Thomas,50,50000,36655,7852,114998,717,96,3,0.81,0,0,0
732,Natalie Martin,38,100000,47676,12903,611934,770,298,0,0.86,0,0,1
733,Amanda Padilla,25,40000,26314,222,194779,689,210,0,0.67,0,0,0
734,Vickie Hogan,24,40000,20289,990,309791,681,248,0,0.84,0,1,0
735,Kristopher Lawson MD,34,30000,20882,6240,195656,653,193,1,0.79,1,1,0
736,Mr. Spencer Mcdonald,24,70000,51749,863,174834,688,195,1,0.85,1,0,0
737,Tricia Underwood,22,150000,63799,26388,330006,742,42,2,0.83,1,1,1
738,Pamela Brown,56,70000,32270,4020,475287,763,129,3,0.66,0,0,0
739,Erin Evans,21,100000,39972,16501,565323,831,228,3,0.98,1,0,1
740,Daniel Sawyer,31,70000,29176,11730,304450,829,291,1,0.82,0,1,1
741,Allison Bryant,37,50000,24359,8060,169187,803,153,0,0.75,0,0,0
742,Shannon Davis,31,50000,28879,7522,390347,726,181,0,0.79,0,0,0
743,Kathryn Rhodes,35,40000,24736,9670,141539,799,25,3,0.81,0,0,1
744,Charles Dyer,57,50000,31730,7283,204150,841,142,4,0.63,0,0,0
745,Tanya Phillips,58,150000,54040,8165,731356,794,269,4,0.65,0,1,0
746,James Parks,34,70000,35666,14606,524615,786,193,3,0.74,0,0,0
747,Rachel James,50,70000,25288,13492,364563,724,68,2,0.7,1,0,0
748,Michele Clark,42,40000,18944,452,178326,829,144,2,0.96,1,0,1
749,Aaron Hanson,27,40000,14294,7235,284671,826,219,4,0.86,0,0,1
750,Charles Phillips,23,150000,92876,4954,772050,754,257,2,0.94,0,0,1
751,Brianna Whitehead,48,100000,36178,24742,629786,812,237,4,0.99,0,0,1
752,Amber Mathews,56,50000,28962,4521,205269,823,111,1,0.9,0,0,1
753,Patricia Medina,24,30000,16034,1457,224491,709,169,2,0.95,1,0,0
754,John Johnson,26,100000,65165,8079,276777,815,168,3,0.93,0,0,1
755,Kenneth Haynes,54,70000,39046,16504,492395,787,36,4,0.94,0,0,1
756,Laurie Carroll,47,50000,20901,1892,148823,801,70,0,0.76,0,0,0
757,John Richards,54,150000,67259,2371,940243,692,162,2,0.93,0,0,0
758,Richard Suarez,41,40000,19026,3543,171852,685,283,1,0.99,0,0,0
759,Justin Bowman,33,50000,24802,3038,290919,766,224,3,0.83,1,0,1
760,John Sheppard,54,70000,44094,12777,494360,666,99,2,0.65,1,0,0
761,Elizabeth Jordan,30,100000,65128,17259,747830,762,214,0,0.79,0,1,0
762,Eric Welch,25,50000,32001,2921,251124,830,21,0,0.6,0,0,0
763,Anthony Miranda,38,150000,73381,28577,353739,807,275,4,0.68,0,0,0
764,Catherine Lopez,49,70000,29578,16971,263313,817,256,1,0.72,0,0,0
765,Robin Harrison,25,70000,32470,15422,525925,778,48,2,0.75,0,1,0
766,Michael Beck,27,150000,95847,28204,950918,773,35,3,0.99,0,0,1
767,Colleen Harris,56,50000,36768,5737,196580,781,83,2,0.71,1,0,0
768,Amy Smith,43,200000,71242,21894,1083382,763,266,1,0.74,0,0,0
769,Michele Farmer,30,150000,83800,4186,1016278,662,141,1,0.85,0,0,0
770,Jeffery Barnes,21,30000,12894,2386,147214,779,100,0,0.6,1,0,0
771,Sally Smith,44,100000,63338,24776,433975,767,155,1,0.86,0,0,1
772,George Carlson,40,50000,19839,11540,383121,742,110,0,0.77,0,0,0
773,Bill Johnson,36,200000,105647,22709,670140,657,282,4,0.94,0,0,0
774,Stephanie Moss,30,150000,68966,5739,868781,757,143,1,0.67,0,0,0
775,Danielle Ross,29,100000,55818,7769,541805,757,52,2,0.84,0,0,1
776,Ernest Gregory,54,70000,33122,8064,425755,715,24,3,0.72,0,0,0
777,Carolyn Owens,31,40000,22223,1409,172202,713,77,2,0.91,1,0,0
778,Kara Cunningham,26,150000,91327,24181,906171,752,292,3,0.77,0,0,0
779,Matthew Wells,28,200000,132700,15619,1041992,685,258,3,0.97,1,0,0
780,Joshua Taylor,40,50000,26816,3885,264237,681,240,4,0.62,0,0,0
781,David Johnson,36,50000,37239,4713,238791,802,299,0,0.82,0,0,1
782,Michelle Douglas,33,30000,11845,1738,239239,832,117,3,0.81,1,1,1
783,Cody Morgan,54,30000,21921,1415,194999,794,297,2,0.89,0,0,1
784,Carol Fisher,54,40000,28263,7925,98523,783,46,3,0.83,0,0,1
785,Dawn Flores,32,30000,12081,2935,137471,755,29,1,0.98,0,0,1
786,Margaret Sullivan,42,200000,83010,37557,599801,686,82,2,0.63,0,0,0
787,Theodore Leonard,39,50000,22317,924,340631,790,159,2,0.81,1,0,1
788,Jimmy Chase,49,30000,19020,1841,63343,762,297,2,0.62,0,0,0
789,Brenda Bryant,56,30000,10548,4128,154339,707,200,0,0.81,1,0,0
790,Joshua Mcmillan,42,40000,18508,7525,142639,798,161,3,0.72,0,1,0
791,Linda Kelley,48,200000,127697,48511,1378431,757,51,3,0.61,0,0,0
792,Sandra Young,34,50000,32366,376,277817,803,31,2,0.63,0,0,0
793,David Cannon,54,40000,14906,1319,297961,763,285,1,0.83,0,0,1
794,Ashley Holmes,28,40000,19623,6338,232240,748,276,2,0.67,0,0,0
795,Thomas Hernandez,43,50000,18381,2740,370484,831,105,1,0.85,1,0,1
796,Lauren Thompson,38,50000,33248,7697,234464,669,283,4,0.79,0,1,0
797,John Bradley,58,50000,33659,7238,293968,797,172,3,0.71,0,0,0
798,Scott Grimes,38,70000,41529,9074,327440,737,216,4,0.89,1,1,1
799,Sharon Robinson,32,40000,19393,9087,188192,785,249,2,0.63,1,0,0
800,Troy Juarez,31,100000,62548,936,551387,757,196,4,0.96,0,0,1
801,Mr. Jeremy Reid,57,150000,71091,26951,475769,764,25,1,0.85,1,0,1
802,Amanda Jackson,53,70000,38788,12372,427392,664,66,0,0.67,0,0,0
803,Jessica Bryan,47,50000,22235,6166,289189,849,159,1,0.95,0,0,1
804,Amanda Chambers,40,40000,26147,8626,308428,728,267,2,0.78,0,1,0
805,Julie Williams,28,50000,36046,5412,150046,840,177,1,0.72,0,0,0
806,Ryan Wong,27,70000,35071,3676,174849,755,252,1,0.65,0,0,0
807,Kathleen Roberts,33,30000,20210,3928,107455,734,56,0,0.65,0,0,0
808,Lucas Reyes,56,150000,52918,32720,350671,738,22,1,0.96,1,0,1
809,Frank Smith,54,70000,36043,7800,266819,801,144,0,0.65,0,0,0
810,Cathy Brooks,35,150000,110061,10210,1151864,817,295,4,0.83,0,0,1
811,Kimberly Davis,22,30000,18096,6845,172417,838,127,1,0.98,1,0,1
812,Jason Phillips,50,100000,37226,4872,738711,841,175,0,0.65,0,0,0
813,William Alexander,46,150000,55300,7324,1104252,655,130,1,0.85,0,0,0
814,Barbara Short,24,150000,83622,26360,796315,847,140,3,0.64,0,0,0
815,John Brown,41,70000,37653,15447,505927,830,154,1,0.99,1,1,1
816,James Atkinson,22,30000,10552,1984,230262,742,153,2,0.66,0,1,0
817,Paul Craig,26,200000,86297,38447,894440,822,65,1,0.96,0,0,1
818,Joshua Pacheco,43,50000,19514,4917,147598,653,249,1,0.78,0,0,0
819,Jeffrey Nielsen,22,100000,45551,6381,684559,708,171,1,0.71,0,0,0
820,Ethan Arnold DVM,44,200000,97858,9377,414593,770,221,3,0.82,0,0,1
821,Mallory Schmidt,21,100000,64893,6865,788925,846,209,2,0.82,0,1,1
822,Roberta Thompson,32,70000,26486,5566,314322,841,238,4,0.91,0,0,1
823,Francisco Rivera,44,100000,39240,14140,330927,820,34,1,0.98,0,0,1
824,Megan Simpson,53,40000,25705,9318,313837,794,189,4,0.72,1,0,0
825,Michael Perez,24,30000,12244,3283,130229,802,149,0,0.69,0,0,0
826,Rachel Green,23,100000,62010,2963,615343,666,290,1,0.63,0,0,0
827,Rebecca Jenkins,31,30000,13078,5410,166365,785,115,0,0.86,1,0,1
828,Eric Jacobson,54,150000,62811,32557,676750,780,267,0,0.66,0,1,0
829,Leah Hill,35,40000,27014,1454,152136,726,114,4,0.82,0,0,1
830,Michelle Edwards,57,50000,27550,10039,180051,753,207,2,0.98,1,0,1
831,Monica Spears,38,150000,111954,29414,935099,657,271,3,0.99,0,1,0
832,Erin Edwards,48,30000,16048,6355,64872,698,47,2,0.62,0,0,0
833,Susan Miller,33,200000,80910,25527,805079,654,146,0,0.74,1,1,0
834,Sonia Chambers,34,150000,88268,9343,451899,766,114,2,0.87,0,0,1
835,Amber Terrell,55,50000,33389,11733,362826,665,240,0,0.86,1,0,0
836,Andrea Cohen,37,100000,36054,1489,627568,738,56,1,0.77,1,1,0
837,Melinda Perez,24,100000,57773,1382,470537,819,81,2,0.75,0,0,0
838,Ashley Nguyen,38,100000,56344,9777,411024,779,214,4,0.81,0,0,1
839,Dale Green,32,30000,18656,6715,135889,658,159,0,0.78,1,0,0
840,Christine Parks,42,200000,72413,504,497751,758,186,0,0.63,0,1,0
841,Lisa Leonard,43,100000,49269,10143,771077,827,266,2,0.98,0,1,1
842,Timothy Gordon,26,50000,33316,5856,236334,839,275,2,0.78,0,0,0
843,Daniel Taylor,56,150000,98875,21354,543746,838,97,3,0.82,0,1,1
844,Charles Strong,38,100000,64616,2382,324241,788,235,1,0.9,0,0,1
845,Johnny Haney,49,30000,17891,7417,84240,684,179,2,0.71,1,0,0
846,Angela Garza,55,100000,69736,16963,364694,748,66,1,0.76,0,0,0
847,Susan Garcia,57,200000,85999,13903,603349,652,56,4,0.72,0,0,0
848,Kathleen Martin,29,200000,144485,216,679498,756,57,2,0.91,1,0,1
849,Kayla Page,56,70000,33187,1006,327870,658,30,4,0.77,1,0,0
850,Matthew Hill,28,40000,23360,2100,230973,772,241,2,0.87,0,0,1
851,April Brooks,51,100000,48755,5750,386057,677,126,4,0.84,1,0,0
852,James Gonzales,34,70000,47070,6054,356400,668,43,1,0.64,1,0,0
853,Carol Brewer,40,40000,20670,1915,286445,728,58,1,0.96,1,0,1
854,Christopher Jones,57,200000,142333,26041,1213536,809,104,4,0.84,0,0,1
855,Jody Hudson,28,40000,19765,4516,180929,786,83,3,0.73,1,0,0
856,Karen Baldwin,50,70000,49058,2892,515173,737,147,1,0.64,0,0,0
857,Robert Spence,35,200000,129244,44557,833051,734,201,1,0.78,0,0,0
858,Monica Obrien,41,30000,16463,1451,194534,663,33,3,0.91,1,0,0
859,Malik Martin,34,50000,20388,10042,127132,737,266,4,0.97,0,1,1
860,John Ramirez,27,150000,56749,8015,865139,687,183,0,0.76,0,0,0
861,Heather Pierce,27,150000,55468,4474,324865,670,117,4,0.94,0,1,0
862,Keith Tucker,55,150000,102207,25159,1169946,688,181,2,0.82,0,0,0
863,Emily Brady,27,40000,17755,9624,130454,755,250,0,0.74,1,1,0
864,Alexander Wilson,31,150000,71388,15933,1054516,809,136,3,0.87,0,0,1
865,Megan Baird,48,40000,27959,5898,289439,800,128,3,0.75,0,0,0
866,Adam Hall,30,50000,18797,8332,297280,743,99,1,0.98,0,0,1
867,Chelsea Randall,26,30000,16778,63,183738,694,131,3,0.78,0,0,0
868,John Serrano,48,70000,29573,14842,208341,781,27,0,0.99,0,1,1
869,Sarah Harris,41,50000,26978,3720,296450,763,279,4,0.99,1,0,1
870,Jenny Miller,23,40000,23571,8386,147530,682,111,2,0.68,0,0,0
871,Brittany Barajas,46,70000,41929,1050,166142,680,106,1,0.86,0,0,0
872,Abigail Jenkins,45,30000,13535,1276,189934,841,64,0,0.66,1,0,0
873,Kimberly Moore,26,200000,142449,28881,1223571,796,148,2,0.66,0,1,0
874,Ms. Stephanie Sanders,39,70000,36435,5549,549001,651,159,4,0.69,1,0,0
875,Daniel Bauer,39,100000,38527,2377,710886,812,171,1,0.8,0,0,0
876,Melissa Lopez,30,150000,87972,35855,544043,796,48,4,0.74,1,0,0
877,Megan Wright,45,50000,27507,7503,156783,828,118,3,0.8,0,0,0
878,Aaron Le,45,150000,97688,24794,1171818,819,72,1,0.84,1,0,1
879,Isaiah Fisher,49,100000,67504,16331,636818,767,191,2,0.95,0,0,1
880,Gabriella Gonzalez,28,100000,41628,22104,793122,756,181,4,0.68,0,0,0
881,Jason Vega,25,40000,15430,4123,225698,671,81,4,0.72,1,1,0
882,Sylvia Diaz,51,70000,47587,12985,551916,672,54,0,0.93,0,0,0
883,Rhonda Everett,50,40000,29429,8841,178597,768,231,4,0.61,0,1,0
884,Christy Tucker,42,50000,21792,4265,334633,844,157,4,0.71,0,0,0
885,Annette Holloway,22,30000,18731,511,132343,789,232,4,0.93,1,0,1
886,Ryan Mendoza,44,50000,36151,9267,221781,704,215,4,0.67,0,0,0
887,Karen Carrillo,43,100000,62055,14047,709945,698,49,2,0.83,0,1,0
888,Emma Adams,39,30000,10982,2659,191576,834,152,0,0.8,0,0,0
889,Hannah Cruz,57,200000,144897,49866,1196181,800,274,3,0.68,0,0,0
890,April Marquez,34,70000,25821,739,410229,823,236,2,0.75,0,0,0
891,Anthony Snyder,55,150000,57108,19093,936073,679,45,1,0.85,0,1,0
892,Laura White,48,30000,17156,4889,151043,795,103,4,0.86,1,0,1
893,Jennifer Decker,49,40000,14582,6967,111182,679,118,0,0.61,0,0,0
894,Michael Tanner,37,200000,106641,3838,1348062,788,241,0,0.87,0,0,1
895,Spencer Lopez,52,100000,44807,13583,624660,759,120,0,0.94,0,0,1
896,Jacqueline Figueroa,29,50000,24329,1831,255484,741,137,4,0.97,0,0,1
897,Christian Gonzalez,56,70000,32761,17367,262298,786,80,4,0.73,1,0,0
898,Michelle Peck,59,70000,31710,1081,326061,816,91,3,0.84,0,0,1
899,Michael Turner,44,100000,39438,15036,429272,800,119,0,0.66,1,0,0
900,Stefanie Stevenson,49,200000,136501,12510,463301,828,216,3,0.63,0,0,0
901,Jose Nelson,21,100000,74050,24141,696598,692,132,1,0.89,0,0,0
902,Timothy Higgins,27,50000,29802,3513,242522,726,62,3,0.94,1,0,1
903,Kyle Parker,24,70000,27549,14512,148620,703,127,2,0.68,0,0,0
904,Christopher Jefferson,53,50000,23757,6774,295279,669,168,0,0.85,0,0,0
905,Danielle Adams,27,50000,23064,7984,277747,660,181,1,0.86,1,0,0
906,Misty Garza,29,70000,39535,11886,289561,727,81,2,0.94,0,0,1
907,Anita Keller,40,40000,27323,1444,255987,745,293,4,0.99,1,1,1
908,Brandy Rocha MD,48,100000,45608,9934,526662,725,179,1,0.94,0,0,1
909,Jason Porter,56,70000,40733,6310,260348,753,281,4,0.86,0,0,1
910,Amy Mitchell,59,40000,14269,7042,168048,833,296,1,0.96,1,0,1
911,Hailey Gonzales,37,40000,25746,3020,244248,654,193,0,0.91,0,1,0
912,Nicole Hill,47,100000,63054,22188,677300,670,247,2,0.88,0,1,0
913,Wayne Shelton,39,70000,26440,319,348501,722,251,2,0.83,1,0,1
914,Amanda Sullivan,42,100000,40010,16114,291007,833,61,1,0.96,1,0,1
915,James Moore,22,50000,35703,8000,160537,784,82,3,0.62,0,0,0
916,Lori Monroe,56,50000,37483,10206,223778,822,199,1,0.67,1,0,0
917,Andrea Robinson,56,40000,15915,1059,86770,786,182,3,0.87,0,0,1
918,Richard Rivera,52,50000,26818,10876,300237,773,214,4,0.91,1,0,1
919,Amanda Robinson,44,200000,71179,38843,489322,751,251,1,0.85,0,0,1
920,Matthew Hoffman,55,200000,100451,22536,1411557,716,289,3,0.83,0,1,0
921,Dr. Kathryn Robinson,40,70000,50905,14401,518457,800,266,1,0.65,0,1,0
922,Steven Martinez,38,100000,66204,23075,778190,668,271,3,0.72,0,0,0
923,Bernard Lewis,49,100000,59053,14177,501988,700,145,1,0.7,0,0,0
924,Carl Winters,52,70000,50482,5832,409630,746,172,0,0.7,0,0,0
925,Christopher Nichols,34,30000,15207,1018,108938,695,280,3,0.87,0,0,0
926,Anthony Holloway,35,30000,11563,2334,200108,687,64,0,0.87,0,0,0
927,Stephanie Schmidt,54,70000,36373,16228,444194,683,206,0,0.82,0,1,0
928,Roberto Peterson,48,30000,14436,5761,65091,756,270,2,0.8,0,0,0
929,Charles Luna,21,50000,30938,1584,283557,772,191,2,0.76,1,0,0
930,Tasha Long,56,50000,26243,6676,287734,826,216,1,0.8,0,0,0
931,Mary Smith,40,150000,102464,27447,597612,814,118,0,0.96,0,0,1
932,David Martin,31,50000,20254,8810,231369,834,58,3,0.64,0,0,0
933,Katie Nguyen,43,100000,52391,16717,327929,704,81,0,0.77,0,0,0
934,Emily Reid,44,70000,38710,2051,303915,751,77,4,0.77,1,0,0
935,Robert Goodwin,57,50000,18062,129,209992,787,71,1,0.96,0,1,1
936,Steven Lopez,31,200000,144252,26846,1095166,781,279,3,0.67,1,1,0
937,Kristin Vargas,54,100000,37393,10303,614615,674,201,0,0.66,0,0,0
938,Brittany Bryant,43,100000,35295,10910,412880,831,270,2,0.78,0,0,0
939,Sarah Rice,49,200000,87083,34233,968564,812,218,2,0.66,0,1,0
940,Cindy Curry,32,150000,103034,3450,385286,705,59,0,0.94,0,0,0
941,David Macias,34,50000,36532,962,199723,810,147,3,0.97,0,0,1
942,Tanner Williams,38,70000,39723,12309,460140,694,89,2,0.94,0,1,0
943,Timothy Guerra,58,100000,68010,12010,356948,738,104,2,0.92,0,0,1
944,Mr. Ryan Hughes,23,70000,36701,9567,449894,759,31,1,0.75,1,0,0
945,Michael Everett,33,200000,77398,1388,1563449,749,87,0,0.61,0,1,0
946,Dana Hill,34,70000,35758,15118,370654,738,255,2,0.71,0,0,0
947,Karen Quinn,55,70000,48556,6038,345792,669,266,0,0.95,0,0,0
948,Michael Hall,25,30000,19990,5827,221853,810,165,3,0.88,0,0,1
949,Elizabeth Williams,35,40000,24455,5651,105789,817,141,4,0.82,1,0,1
950,Kristi Mooney,49,70000,46664,5636,558235,744,49,3,0.7,0,0,0
951,Megan Kane,44,50000,19570,2195,356405,775,118,2,0.88,1,0,1
952,Maxwell House,37,40000,19968,1038,262956,728,112,1,0.83,0,0,1
953,Jesse Sawyer,59,200000,82497,26296,1060878,824,124,1,0.79,0,0,0
954,James King,59,100000,67354,24333,721912,825,208,1,0.95,0,1,1
955,William Keith,52,150000,96924,34197,627982,831,175,1,0.83,1,0,1
956,Kristen King,21,150000,104034,15107,873083,677,184,1,0.7,0,0,0
957,Kelsey Ward,43,30000,18349,981,207584,825,292,4,0.94,0,1,1
958,Miss Caitlin Carr,46,100000,54211,15068,759282,813,130,1,0.82,0,0,1
959,Aaron Brown,23,100000,44512,11367,394035,806,147,1,0.85,1,0,1
960,Terri Dawson,35,50000,35445,7316,307054,808,97,2,0.62,0,0,0
961,Shelly Lee,41,30000,20129,7269,236839,823,281,4,0.87,0,1,1
962,Mrs. Sarah House,24,40000,21955,4102,88537,771,93,3,0.67,0,1,0
963,Mr. Jeffery Gordon PhD,42,200000,116118,44835,431774,812,266,4,0.86,0,0,1
964,Megan Smith,49,50000,32576,7059,279455,656,203,2,0.87,0,0,0
965,Kara Brooks,45,40000,14951,9394,250423,750,167,4,0.92,0,0,1
966,Thomas Stewart,47,50000,21310,4440,196105,674,82,4,0.64,0,0,0
967,Calvin Kline,58,150000,56126,10617,460937,826,226,4,0.91,1,1,1
968,Stanley Joyce,51,150000,93391,8125,728067,812,271,2,0.78,1,0,0
969,Bradley Castaneda,26,50000,18497,11039,267975,701,167,1,0.93,0,0,0
970,Amanda Ortiz,23,100000,46423,13066,797677,808,41,4,0.79,1,1,0
971,Valerie Johnson,52,50000,35196,9938,335888,769,49,4,0.79,0,0,0
972,Krista Fletcher,31,70000,40748,14310,354015,655,161,4,0.8,0,0,0
973,Joshua Howard,58,100000,44501,9807,399777,785,107,4,0.88,0,0,1
974,Mr. Jonathan Nguyen,25,30000,21568,6414,146394,809,235,3,0.61,1,0,0
975,Matthew Miller,32,200000,117604,40507,562855,787,244,2,0.85,0,0,1
976,Maria Hernandez,41,150000,61503,3187,575061,730,203,2,0.98,1,0,1
977,Robert Williams,21,50000,28541,8661,324384,765,298,4,0.81,0,0,1
978,Bonnie Obrien,31,150000,62815,28189,952655,807,107,1,0.67,1,0,0
979,Tracy Berger,48,50000,35597,10476,169651,711,22,3,0.61,0,1,0
980,Amber Parker,57,100000,37554,7231,733589,834,294,0,0.7,1,0,0
981,Natalie Jackson,31,50000,29349,10970,359918,691,253,3,0.98,1,0,0
982,Stephanie Avery,32,30000,13801,1345,101663,727,116,2,0.68,1,1,0
983,Jessica Watkins,24,100000,65171,23052,595541,651,178,3,0.69,0,0,0
984,David Ray,30,200000,125762,25720,734576,815,20,1,0.97,1,0,1
985,Jerry Mitchell,30,30000,10558,6673,173973,729,91,2,0.65,1,0,0
986,Catherine Wells,56,50000,18545,9602,361564,721,259,0,0.88,1,1,1
987,Penny Leach,34,200000,121966,14142,729363,797,259,4,0.73,0,1,0
988,Brooke Bradley,36,50000,26666,12181,347156,759,85,4,0.71,0,0,0
989,Tyler Roberts,24,30000,11603,2508,134441,757,266,3,0.68,0,0,0
990,Marie Kelly,40,200000,142113,35250,601942,681,149,0,0.8,1,0,0
991,Jennifer Mcintosh,30,200000,113886,17327,1082013,710,292,4,1.0,1,1,0
992,Elizabeth Smith,21,100000,43940,21556,491242,794,148,4,0.87,0,0,1
993,Jeffrey Beltran DDS,43,30000,19867,5569,231713,750,244,4,0.96,1,0,1
994,Edgar Carney,50,50000,24288,4120,243148,847,190,0,0.99,1,0,1
995,Evelyn Small,25,150000,99625,15250,998022,759,46,1,0.89,1,1,1
996,Matthew Francis,42,50000,28298,10512,257685,795,278,2,0.81,0,0,1
997,Abigail Cook,48,100000,68496,19834,382949,659,70,4,0.65,1,0,0
998,Ivan Brown,36,150000,60451,36547,410751,690,156,1,0.79,1,0,0
999,Amanda Jenkins,40,150000,61046,28645,415862,689,55,2,0.88,1,0,0
1000,Jennifer Moore,26,100000,36291,2544,633886,806,32,4,0.9,0,0,1
